filePath,userid,nrp,kd_ktm,kesatuan,subsatker,pns_atau_militer
/home/kreasi/k6-test/k6-test-bot/TESTER/us1501/test.xlsx,493816,9999991501,99,999999,1501,PNS
/home/kreasi/k6-test/k6-test-bot/TESTER/us1502/test.xlsx,493817,9999991502,99,999999,1502,PNS
/home/kreasi/k6-test/k6-test-bot/TESTER/us1503/test.xlsx,493818,9999991503,99,999999,1503,PNS
/home/kreasi/k6-test/k6-test-bot/TESTER/us1504/test.xlsx,493819,9999991504,99,999999,1504,PNS
/home/kreasi/k6-test/k6-test-bot/TESTER/us1505/test.xlsx,493820,9999991505,99,999999,1505,PNS
/home/kreasi/k6-test/k6-test-bot/TESTER/us1506/test.xlsx,493821,9999991506,99,999999,1506,PNS
/home/kreasi/k6-test/k6-test-bot/TESTER/us1507/test.xlsx,493822,9999991507,99,999999,1507,PNS
/home/kreasi/k6-test/k6-test-bot/TESTER/us1508/test.xlsx,493823,9999991508,99,999999,1508,PNS
/home/kreasi/k6-test/k6-test-bot/TESTER/us1509/test.xlsx,493824,9999991509,99,999999,1509,PNS
/home/kreasi/k6-test/k6-test-bot/TESTER/us1510/test.xlsx,493825,9999991510,99,999999,1510,PNS
/home/kreasi/k6-test/k6-test-bot/TESTER/us1511/test.xlsx,493826,9999991511,99,999999,1511,PNS
/home/kreasi/k6-test/k6-test-bot/TESTER/us1512/test.xlsx,493827,9999991512,99,999999,1512,PNS
/home/kreasi/k6-test/k6-test-bot/TESTER/us1513/test.xlsx,493828,9999991513,99,999999,1513,PNS
/home/kreasi/k6-test/k6-test-bot/TESTER/us1514/test.xlsx,493829,9999991514,99,999999,1514,PNS
/home/kreasi/k6-test/k6-test-bot/TESTER/us1515/test.xlsx,493830,9999991515,99,999999,1515,PNS
/home/kreasi/k6-test/k6-test-bot/TESTER/us1516/test.xlsx,493831,9999991516,99,999999,1516,PNS
/home/kreasi/k6-test/k6-test-bot/TESTER/us1517/test.xlsx,493832,9999991517,99,999999,1517,PNS
/home/kreasi/k6-test/k6-test-bot/TESTER/us1518/test.xlsx,493833,9999991518,99,999999,1518,PNS
/home/kreasi/k6-test/k6-test-bot/TESTER/us1519/test.xlsx,493834,9999991519,99,999999,1519,PNS
/home/kreasi/k6-test/k6-test-bot/TESTER/us1520/test.xlsx,493835,9999991520,99,999999,1520,PNS
/home/kreasi/k6-test/k6-test-bot/TESTER/us1521/test.xlsx,493836,9999991521,99,999999,1521,PNS
/home/kreasi/k6-test/k6-test-bot/TESTER/us1522/test.xlsx,493837,9999991522,99,999999,1522,PNS
/home/kreasi/k6-test/k6-test-bot/TESTER/us1523/test.xlsx,493838,9999991523,99,999999,1523,PNS
/home/kreasi/k6-test/k6-test-bot/TESTER/us1524/test.xlsx,493839,9999991524,99,999999,1524,PNS
/home/kreasi/k6-test/k6-test-bot/TESTER/us1525/test.xlsx,493840,9999991525,99,999999,1525,PNS
/home/kreasi/k6-test/k6-test-bot/TESTER/us1526/test.xlsx,493841,9999991526,99,999999,1526,PNS
/home/kreasi/k6-test/k6-test-bot/TESTER/us1527/test.xlsx,493842,9999991527,99,999999,1527,PNS
/home/kreasi/k6-test/k6-test-bot/TESTER/us1528/test.xlsx,493843,9999991528,99,999999,1528,PNS
/home/kreasi/k6-test/k6-test-bot/TESTER/us1529/test.xlsx,493844,9999991529,99,999999,1529,PNS
/home/kreasi/k6-test/k6-test-bot/TESTER/us1530/test.xlsx,493845,9999991530,99,999999,1530,PNS
/home/kreasi/k6-test/k6-test-bot/TESTER/us1531/test.xlsx,493846,9999991531,99,999999,1531,PNS
/home/kreasi/k6-test/k6-test-bot/TESTER/us1532/test.xlsx,493847,9999991532,99,999999,1532,PNS
/home/kreasi/k6-test/k6-test-bot/TESTER/us1533/test.xlsx,493848,9999991533,99,999999,1533,PNS
/home/kreasi/k6-test/k6-test-bot/TESTER/us1534/test.xlsx,493849,9999991534,99,999999,1534,PNS
/home/kreasi/k6-test/k6-test-bot/TESTER/us1535/test.xlsx,493850,9999991535,99,999999,1535,PNS
/home/kreasi/k6-test/k6-test-bot/TESTER/us1536/test.xlsx,493851,9999991536,99,999999,1536,PNS
/home/kreasi/k6-test/k6-test-bot/TESTER/us1537/test.xlsx,493852,9999991537,99,999999,1537,PNS
/home/kreasi/k6-test/k6-test-bot/TESTER/us1538/test.xlsx,493853,9999991538,99,999999,1538,PNS
/home/kreasi/k6-test/k6-test-bot/TESTER/us1539/test.xlsx,493854,9999991539,99,999999,1539,PNS
/home/kreasi/k6-test/k6-test-bot/TESTER/us1540/test.xlsx,493855,9999991540,99,999999,1540,PNS
/home/kreasi/k6-test/k6-test-bot/TESTER/us1541/test.xlsx,493856,9999991541,99,999999,1541,PNS
/home/kreasi/k6-test/k6-test-bot/TESTER/us1542/test.xlsx,493857,9999991542,99,999999,1542,PNS
/home/kreasi/k6-test/k6-test-bot/TESTER/us1543/test.xlsx,493858,9999991543,99,999999,1543,PNS
/home/kreasi/k6-test/k6-test-bot/TESTER/us1544/test.xlsx,493859,9999991544,99,999999,1544,PNS
/home/kreasi/k6-test/k6-test-bot/TESTER/us1545/test.xlsx,493860,9999991545,99,999999,1545,PNS
/home/kreasi/k6-test/k6-test-bot/TESTER/us1546/test.xlsx,493861,9999991546,99,999999,1546,PNS
/home/kreasi/k6-test/k6-test-bot/TESTER/us1547/test.xlsx,493862,9999991547,99,999999,1547,PNS
/home/kreasi/k6-test/k6-test-bot/TESTER/us1548/test.xlsx,493863,9999991548,99,999999,1548,PNS
/home/kreasi/k6-test/k6-test-bot/TESTER/us1549/test.xlsx,493864,9999991549,99,999999,1549,PNS
/home/kreasi/k6-test/k6-test-bot/TESTER/us1550/test.xlsx,493865,9999991550,99,999999,1550,PNS
/home/kreasi/k6-test/k6-test-bot/TESTER/us1551/test.xlsx,493866,9999991551,99,999999,1551,PNS
/home/kreasi/k6-test/k6-test-bot/TESTER/us1552/test.xlsx,493867,9999991552,99,999999,1552,PNS
/home/kreasi/k6-test/k6-test-bot/TESTER/us1553/test.xlsx,493868,9999991553,99,999999,1553,PNS
/home/kreasi/k6-test/k6-test-bot/TESTER/us1554/test.xlsx,493869,9999991554,99,999999,1554,PNS
/home/kreasi/k6-test/k6-test-bot/TESTER/us1555/test.xlsx,493870,9999991555,99,999999,1555,PNS
/home/kreasi/k6-test/k6-test-bot/TESTER/us1556/test.xlsx,493871,9999991556,99,999999,1556,PNS
/home/kreasi/k6-test/k6-test-bot/TESTER/us1557/test.xlsx,493872,9999991557,99,999999,1557,PNS
/home/kreasi/k6-test/k6-test-bot/TESTER/us1558/test.xlsx,493873,9999991558,99,999999,1558,PNS
/home/kreasi/k6-test/k6-test-bot/TESTER/us1559/test.xlsx,493874,9999991559,99,999999,1559,PNS
/home/kreasi/k6-test/k6-test-bot/TESTER/us1560/test.xlsx,493875,9999991560,99,999999,1560,PNS
/home/kreasi/k6-test/k6-test-bot/TESTER/us1561/test.xlsx,493876,9999991561,99,999999,1561,PNS
/home/kreasi/k6-test/k6-test-bot/TESTER/us1562/test.xlsx,493877,9999991562,99,999999,1562,PNS
/home/kreasi/k6-test/k6-test-bot/TESTER/us1563/test.xlsx,493878,9999991563,99,999999,1563,PNS
/home/kreasi/k6-test/k6-test-bot/TESTER/us1564/test.xlsx,493879,9999991564,99,999999,1564,PNS
/home/kreasi/k6-test/k6-test-bot/TESTER/us1565/test.xlsx,493880,9999991565,99,999999,1565,PNS
/home/kreasi/k6-test/k6-test-bot/TESTER/us1566/test.xlsx,493881,9999991566,99,999999,1566,PNS
/home/kreasi/k6-test/k6-test-bot/TESTER/us1567/test.xlsx,493882,9999991567,99,999999,1567,PNS
/home/kreasi/k6-test/k6-test-bot/TESTER/us1568/test.xlsx,493883,9999991568,99,999999,1568,PNS
/home/kreasi/k6-test/k6-test-bot/TESTER/us1569/test.xlsx,493884,9999991569,99,999999,1569,PNS
/home/kreasi/k6-test/k6-test-bot/TESTER/us1570/test.xlsx,493885,9999991570,99,999999,1570,PNS
/home/kreasi/k6-test/k6-test-bot/TESTER/us1571/test.xlsx,493886,9999991571,99,999999,1571,PNS
/home/kreasi/k6-test/k6-test-bot/TESTER/us1572/test.xlsx,493887,9999991572,99,999999,1572,PNS
/home/kreasi/k6-test/k6-test-bot/TESTER/us1573/test.xlsx,493888,9999991573,99,999999,1573,PNS
/home/kreasi/k6-test/k6-test-bot/TESTER/us1574/test.xlsx,493889,9999991574,99,999999,1574,PNS
/home/kreasi/k6-test/k6-test-bot/TESTER/us1575/test.xlsx,493890,9999991575,99,999999,1575,PNS
/home/kreasi/k6-test/k6-test-bot/TESTER/us1576/test.xlsx,493891,9999991576,99,999999,1576,PNS
/home/kreasi/k6-test/k6-test-bot/TESTER/us1577/test.xlsx,493892,9999991577,99,999999,1577,PNS
/home/kreasi/k6-test/k6-test-bot/TESTER/us1578/test.xlsx,493893,9999991578,99,999999,1578,PNS
/home/kreasi/k6-test/k6-test-bot/TESTER/us1579/test.xlsx,493894,9999991579,99,999999,1579,PNS
/home/kreasi/k6-test/k6-test-bot/TESTER/us1580/test.xlsx,493895,9999991580,99,999999,1580,PNS
/home/kreasi/k6-test/k6-test-bot/TESTER/us1581/test.xlsx,493896,9999991581,99,999999,1581,PNS
/home/kreasi/k6-test/k6-test-bot/TESTER/us1582/test.xlsx,493897,9999991582,99,999999,1582,PNS
/home/kreasi/k6-test/k6-test-bot/TESTER/us1583/test.xlsx,493898,9999991583,99,999999,1583,PNS
/home/kreasi/k6-test/k6-test-bot/TESTER/us1584/test.xlsx,493899,9999991584,99,999999,1584,PNS
/home/kreasi/k6-test/k6-test-bot/TESTER/us1585/test.xlsx,493900,9999991585,99,999999,1585,PNS
/home/kreasi/k6-test/k6-test-bot/TESTER/us1586/test.xlsx,493901,9999991586,99,999999,1586,PNS
/home/kreasi/k6-test/k6-test-bot/TESTER/us1587/test.xlsx,493902,9999991587,99,999999,1587,PNS
/home/kreasi/k6-test/k6-test-bot/TESTER/us1588/test.xlsx,493903,9999991588,99,999999,1588,PNS
/home/kreasi/k6-test/k6-test-bot/TESTER/us1589/test.xlsx,493904,9999991589,99,999999,1589,PNS
/home/kreasi/k6-test/k6-test-bot/TESTER/us1590/test.xlsx,493905,9999991590,99,999999,1590,PNS
/home/kreasi/k6-test/k6-test-bot/TESTER/us1591/test.xlsx,493906,9999991591,99,999999,1591,PNS
/home/kreasi/k6-test/k6-test-bot/TESTER/us1592/test.xlsx,493907,9999991592,99,999999,1592,PNS
/home/kreasi/k6-test/k6-test-bot/TESTER/us1593/test.xlsx,493908,9999991593,99,999999,1593,PNS
/home/kreasi/k6-test/k6-test-bot/TESTER/us1594/test.xlsx,493909,9999991594,99,999999,1594,PNS
/home/kreasi/k6-test/k6-test-bot/TESTER/us1595/test.xlsx,493910,9999991595,99,999999,1595,PNS
/home/kreasi/k6-test/k6-test-bot/TESTER/us1596/test.xlsx,493911,9999991596,99,999999,1596,PNS
/home/kreasi/k6-test/k6-test-bot/TESTER/us1597/test.xlsx,493912,9999991597,99,999999,1597,PNS
/home/kreasi/k6-test/k6-test-bot/TESTER/us1598/test.xlsx,493913,9999991598,99,999999,1598,PNS
/home/kreasi/k6-test/k6-test-bot/TESTER/us1599/test.xlsx,493914,9999991599,99,999999,1599,PNS
/home/kreasi/k6-test/k6-test-bot/TESTER/us1600/test.xlsx,493915,9999991600,99,999999,1600,PNS
/home/kreasi/k6-test/k6-test-bot/TESTER/us1601/test.xlsx,493916,9999991601,99,999999,1601,PNS
/home/kreasi/k6-test/k6-test-bot/TESTER/us1602/test.xlsx,493917,9999991602,99,999999,1602,PNS
/home/kreasi/k6-test/k6-test-bot/TESTER/us1603/test.xlsx,493918,9999991603,99,999999,1603,PNS
/home/kreasi/k6-test/k6-test-bot/TESTER/us1604/test.xlsx,493919,9999991604,99,999999,1604,PNS
/home/kreasi/k6-test/k6-test-bot/TESTER/us1605/test.xlsx,493920,9999991605,99,999999,1605,PNS
/home/kreasi/k6-test/k6-test-bot/TESTER/us1606/test.xlsx,493921,9999991606,99,999999,1606,PNS
/home/kreasi/k6-test/k6-test-bot/TESTER/us1607/test.xlsx,493922,9999991607,99,999999,1607,PNS
/home/kreasi/k6-test/k6-test-bot/TESTER/us1608/test.xlsx,493923,9999991608,99,999999,1608,PNS
/home/kreasi/k6-test/k6-test-bot/TESTER/us1609/test.xlsx,493924,9999991609,99,999999,1609,PNS
/home/kreasi/k6-test/k6-test-bot/TESTER/us1610/test.xlsx,493925,9999991610,99,999999,1610,PNS
/home/kreasi/k6-test/k6-test-bot/TESTER/us1611/test.xlsx,493926,9999991611,99,999999,1611,PNS
/home/kreasi/k6-test/k6-test-bot/TESTER/us1612/test.xlsx,493927,9999991612,99,999999,1612,PNS
/home/kreasi/k6-test/k6-test-bot/TESTER/us1613/test.xlsx,493928,9999991613,99,999999,1613,PNS
/home/kreasi/k6-test/k6-test-bot/TESTER/us1614/test.xlsx,493929,9999991614,99,999999,1614,PNS
/home/kreasi/k6-test/k6-test-bot/TESTER/us1615/test.xlsx,493930,9999991615,99,999999,1615,PNS
/home/kreasi/k6-test/k6-test-bot/TESTER/us1616/test.xlsx,493931,9999991616,99,999999,1616,PNS
/home/kreasi/k6-test/k6-test-bot/TESTER/us1617/test.xlsx,493932,9999991617,99,999999,1617,PNS
/home/kreasi/k6-test/k6-test-bot/TESTER/us1618/test.xlsx,493933,9999991618,99,999999,1618,PNS
/home/kreasi/k6-test/k6-test-bot/TESTER/us1619/test.xlsx,493934,9999991619,99,999999,1619,PNS
/home/kreasi/k6-test/k6-test-bot/TESTER/us1620/test.xlsx,493935,9999991620,99,999999,1620,PNS
/home/kreasi/k6-test/k6-test-bot/TESTER/us1621/test.xlsx,493936,9999991621,99,999999,1621,PNS
/home/kreasi/k6-test/k6-test-bot/TESTER/us1622/test.xlsx,493937,9999991622,99,999999,1622,PNS
/home/kreasi/k6-test/k6-test-bot/TESTER/us1623/test.xlsx,493938,9999991623,99,999999,1623,PNS
/home/kreasi/k6-test/k6-test-bot/TESTER/us1624/test.xlsx,493939,9999991624,99,999999,1624,PNS
/home/kreasi/k6-test/k6-test-bot/TESTER/us1625/test.xlsx,493940,9999991625,99,999999,1625,PNS
/home/kreasi/k6-test/k6-test-bot/TESTER/us1626/test.xlsx,493941,9999991626,99,999999,1626,PNS
/home/kreasi/k6-test/k6-test-bot/TESTER/us1627/test.xlsx,493942,9999991627,99,999999,1627,PNS
/home/kreasi/k6-test/k6-test-bot/TESTER/us1628/test.xlsx,493943,9999991628,99,999999,1628,PNS
/home/kreasi/k6-test/k6-test-bot/TESTER/us1629/test.xlsx,493944,9999991629,99,999999,1629,PNS
/home/kreasi/k6-test/k6-test-bot/TESTER/us1630/test.xlsx,493945,9999991630,99,999999,1630,PNS
/home/kreasi/k6-test/k6-test-bot/TESTER/us1631/test.xlsx,493946,9999991631,99,999999,1631,PNS
/home/kreasi/k6-test/k6-test-bot/TESTER/us1632/test.xlsx,493947,9999991632,99,999999,1632,PNS
/home/kreasi/k6-test/k6-test-bot/TESTER/us1633/test.xlsx,493948,9999991633,99,999999,1633,PNS
/home/kreasi/k6-test/k6-test-bot/TESTER/us1634/test.xlsx,493949,9999991634,99,999999,1634,PNS
/home/kreasi/k6-test/k6-test-bot/TESTER/us1635/test.xlsx,493950,9999991635,99,999999,1635,PNS
/home/kreasi/k6-test/k6-test-bot/TESTER/us1636/test.xlsx,493951,9999991636,99,999999,1636,PNS
/home/kreasi/k6-test/k6-test-bot/TESTER/us1637/test.xlsx,493952,9999991637,99,999999,1637,PNS
/home/kreasi/k6-test/k6-test-bot/TESTER/us1638/test.xlsx,493953,9999991638,99,999999,1638,PNS
/home/kreasi/k6-test/k6-test-bot/TESTER/us1639/test.xlsx,493954,9999991639,99,999999,1639,PNS
/home/kreasi/k6-test/k6-test-bot/TESTER/us1640/test.xlsx,493955,9999991640,99,999999,1640,PNS
/home/kreasi/k6-test/k6-test-bot/TESTER/us1641/test.xlsx,493956,9999991641,99,999999,1641,PNS
/home/kreasi/k6-test/k6-test-bot/TESTER/us1642/test.xlsx,493957,9999991642,99,999999,1642,PNS
/home/kreasi/k6-test/k6-test-bot/TESTER/us1643/test.xlsx,493958,9999991643,99,999999,1643,PNS
/home/kreasi/k6-test/k6-test-bot/TESTER/us1644/test.xlsx,493959,9999991644,99,999999,1644,PNS
/home/kreasi/k6-test/k6-test-bot/TESTER/us1645/test.xlsx,493960,9999991645,99,999999,1645,PNS
/home/kreasi/k6-test/k6-test-bot/TESTER/us1646/test.xlsx,493961,9999991646,99,999999,1646,PNS
/home/kreasi/k6-test/k6-test-bot/TESTER/us1647/test.xlsx,493962,9999991647,99,999999,1647,PNS
/home/kreasi/k6-test/k6-test-bot/TESTER/us1648/test.xlsx,493963,9999991648,99,999999,1648,PNS
/home/kreasi/k6-test/k6-test-bot/TESTER/us1649/test.xlsx,493964,9999991649,99,999999,1649,PNS
/home/kreasi/k6-test/k6-test-bot/TESTER/us1650/test.xlsx,493965,9999991650,99,999999,1650,PNS
/home/kreasi/k6-test/k6-test-bot/TESTER/us1651/test.xlsx,493966,9999991651,99,999999,1651,PNS
/home/kreasi/k6-test/k6-test-bot/TESTER/us1652/test.xlsx,493967,9999991652,99,999999,1652,PNS
/home/kreasi/k6-test/k6-test-bot/TESTER/us1653/test.xlsx,493968,9999991653,99,999999,1653,PNS
/home/kreasi/k6-test/k6-test-bot/TESTER/us1654/test.xlsx,493969,9999991654,99,999999,1654,PNS
/home/kreasi/k6-test/k6-test-bot/TESTER/us1655/test.xlsx,493970,9999991655,99,999999,1655,PNS
/home/kreasi/k6-test/k6-test-bot/TESTER/us1656/test.xlsx,493971,9999991656,99,999999,1656,PNS
/home/kreasi/k6-test/k6-test-bot/TESTER/us1657/test.xlsx,493972,9999991657,99,999999,1657,PNS
/home/kreasi/k6-test/k6-test-bot/TESTER/us1658/test.xlsx,493973,9999991658,99,999999,1658,PNS
/home/kreasi/k6-test/k6-test-bot/TESTER/us1659/test.xlsx,493974,9999991659,99,999999,1659,PNS
/home/kreasi/k6-test/k6-test-bot/TESTER/us1660/test.xlsx,493975,9999991660,99,999999,1660,PNS
/home/kreasi/k6-test/k6-test-bot/TESTER/us1661/test.xlsx,493976,9999991661,99,999999,1661,PNS
/home/kreasi/k6-test/k6-test-bot/TESTER/us1662/test.xlsx,493977,9999991662,99,999999,1662,PNS
/home/kreasi/k6-test/k6-test-bot/TESTER/us1663/test.xlsx,493978,9999991663,99,999999,1663,PNS
/home/kreasi/k6-test/k6-test-bot/TESTER/us1664/test.xlsx,493979,9999991664,99,999999,1664,PNS
/home/kreasi/k6-test/k6-test-bot/TESTER/us1665/test.xlsx,493980,9999991665,99,999999,1665,PNS
/home/kreasi/k6-test/k6-test-bot/TESTER/us1666/test.xlsx,493981,9999991666,99,999999,1666,PNS
/home/kreasi/k6-test/k6-test-bot/TESTER/us1667/test.xlsx,493982,9999991667,99,999999,1667,PNS
/home/kreasi/k6-test/k6-test-bot/TESTER/us1668/test.xlsx,493983,9999991668,99,999999,1668,PNS
/home/kreasi/k6-test/k6-test-bot/TESTER/us1669/test.xlsx,493984,9999991669,99,999999,1669,PNS
/home/kreasi/k6-test/k6-test-bot/TESTER/us1670/test.xlsx,493985,9999991670,99,999999,1670,PNS
/home/kreasi/k6-test/k6-test-bot/TESTER/us1671/test.xlsx,493986,9999991671,99,999999,1671,PNS
/home/kreasi/k6-test/k6-test-bot/TESTER/us1672/test.xlsx,493987,9999991672,99,999999,1672,PNS
/home/kreasi/k6-test/k6-test-bot/TESTER/us1673/test.xlsx,493988,9999991673,99,999999,1673,PNS
/home/kreasi/k6-test/k6-test-bot/TESTER/us1674/test.xlsx,493989,9999991674,99,999999,1674,PNS
/home/kreasi/k6-test/k6-test-bot/TESTER/us1675/test.xlsx,493990,9999991675,99,999999,1675,PNS
/home/kreasi/k6-test/k6-test-bot/TESTER/us1676/test.xlsx,493991,9999991676,99,999999,1676,PNS
/home/kreasi/k6-test/k6-test-bot/TESTER/us1677/test.xlsx,493992,9999991677,99,999999,1677,PNS
/home/kreasi/k6-test/k6-test-bot/TESTER/us1678/test.xlsx,493993,9999991678,99,999999,1678,PNS
/home/kreasi/k6-test/k6-test-bot/TESTER/us1679/test.xlsx,493994,9999991679,99,999999,1679,PNS
/home/kreasi/k6-test/k6-test-bot/TESTER/us1680/test.xlsx,493995,9999991680,99,999999,1680,PNS
/home/kreasi/k6-test/k6-test-bot/TESTER/us1681/test.xlsx,493996,9999991681,99,999999,1681,PNS
/home/kreasi/k6-test/k6-test-bot/TESTER/us1682/test.xlsx,493997,9999991682,99,999999,1682,PNS
/home/kreasi/k6-test/k6-test-bot/TESTER/us1683/test.xlsx,493998,9999991683,99,999999,1683,PNS
/home/kreasi/k6-test/k6-test-bot/TESTER/us1684/test.xlsx,493999,9999991684,99,999999,1684,PNS
/home/kreasi/k6-test/k6-test-bot/TESTER/us1685/test.xlsx,494000,9999991685,99,999999,1685,PNS
/home/kreasi/k6-test/k6-test-bot/TESTER/us1686/test.xlsx,494001,9999991686,99,999999,1686,PNS
/home/kreasi/k6-test/k6-test-bot/TESTER/us1687/test.xlsx,494002,9999991687,99,999999,1687,PNS
/home/kreasi/k6-test/k6-test-bot/TESTER/us1688/test.xlsx,494003,9999991688,99,999999,1688,PNS
/home/kreasi/k6-test/k6-test-bot/TESTER/us1689/test.xlsx,494004,9999991689,99,999999,1689,PNS
/home/kreasi/k6-test/k6-test-bot/TESTER/us1690/test.xlsx,494005,9999991690,99,999999,1690,PNS
/home/kreasi/k6-test/k6-test-bot/TESTER/us1691/test.xlsx,494006,9999991691,99,999999,1691,PNS
/home/kreasi/k6-test/k6-test-bot/TESTER/us1692/test.xlsx,494007,9999991692,99,999999,1692,PNS
/home/kreasi/k6-test/k6-test-bot/TESTER/us1693/test.xlsx,494008,9999991693,99,999999,1693,PNS
/home/kreasi/k6-test/k6-test-bot/TESTER/us1694/test.xlsx,494009,9999991694,99,999999,1694,PNS
/home/kreasi/k6-test/k6-test-bot/TESTER/us1695/test.xlsx,494010,9999991695,99,999999,1695,PNS
/home/kreasi/k6-test/k6-test-bot/TESTER/us1696/test.xlsx,494011,9999991696,99,999999,1696,PNS
/home/kreasi/k6-test/k6-test-bot/TESTER/us1697/test.xlsx,494012,9999991697,99,999999,1697,PNS
/home/kreasi/k6-test/k6-test-bot/TESTER/us1698/test.xlsx,494013,9999991698,99,999999,1698,PNS
/home/kreasi/k6-test/k6-test-bot/TESTER/us1699/test.xlsx,494014,9999991699,99,999999,1699,PNS
/home/kreasi/k6-test/k6-test-bot/TESTER/us1700/test.xlsx,494015,9999991700,99,999999,1700,PNS
/home/kreasi/k6-test/k6-test-bot/TESTER/us1701/test.xlsx,494016,9999991701,99,999999,1701,PNS
/home/kreasi/k6-test/k6-test-bot/TESTER/us1702/test.xlsx,494017,9999991702,99,999999,1702,PNS
/home/kreasi/k6-test/k6-test-bot/TESTER/us1703/test.xlsx,494018,9999991703,99,999999,1703,PNS
/home/kreasi/k6-test/k6-test-bot/TESTER/us1704/test.xlsx,494019,9999991704,99,999999,1704,PNS
/home/kreasi/k6-test/k6-test-bot/TESTER/us1705/test.xlsx,494020,9999991705,99,999999,1705,PNS
/home/kreasi/k6-test/k6-test-bot/TESTER/us1706/test.xlsx,494021,9999991706,99,999999,1706,PNS
/home/kreasi/k6-test/k6-test-bot/TESTER/us1707/test.xlsx,494022,9999991707,99,999999,1707,PNS
/home/kreasi/k6-test/k6-test-bot/TESTER/us1708/test.xlsx,494023,9999991708,99,999999,1708,PNS
/home/kreasi/k6-test/k6-test-bot/TESTER/us1709/test.xlsx,494024,9999991709,99,999999,1709,PNS
/home/kreasi/k6-test/k6-test-bot/TESTER/us1710/test.xlsx,494025,9999991710,99,999999,1710,PNS
/home/kreasi/k6-test/k6-test-bot/TESTER/us1711/test.xlsx,494026,9999991711,99,999999,1711,PNS
/home/kreasi/k6-test/k6-test-bot/TESTER/us1712/test.xlsx,494027,9999991712,99,999999,1712,PNS
/home/kreasi/k6-test/k6-test-bot/TESTER/us1713/test.xlsx,494028,9999991713,99,999999,1713,PNS
/home/kreasi/k6-test/k6-test-bot/TESTER/us1714/test.xlsx,494029,9999991714,99,999999,1714,PNS
/home/kreasi/k6-test/k6-test-bot/TESTER/us1715/test.xlsx,494030,9999991715,99,999999,1715,PNS
/home/kreasi/k6-test/k6-test-bot/TESTER/us1716/test.xlsx,494031,9999991716,99,999999,1716,PNS
/home/kreasi/k6-test/k6-test-bot/TESTER/us1717/test.xlsx,494032,9999991717,99,999999,1717,PNS
/home/kreasi/k6-test/k6-test-bot/TESTER/us1718/test.xlsx,494033,9999991718,99,999999,1718,PNS
/home/kreasi/k6-test/k6-test-bot/TESTER/us1719/test.xlsx,494034,9999991719,99,999999,1719,PNS
/home/kreasi/k6-test/k6-test-bot/TESTER/us1720/test.xlsx,494035,9999991720,99,999999,1720,PNS
/home/kreasi/k6-test/k6-test-bot/TESTER/us1721/test.xlsx,494036,9999991721,99,999999,1721,PNS
/home/kreasi/k6-test/k6-test-bot/TESTER/us1722/test.xlsx,494037,9999991722,99,999999,1722,PNS
/home/kreasi/k6-test/k6-test-bot/TESTER/us1723/test.xlsx,494038,9999991723,99,999999,1723,PNS
/home/kreasi/k6-test/k6-test-bot/TESTER/us1724/test.xlsx,494039,9999991724,99,999999,1724,PNS
/home/kreasi/k6-test/k6-test-bot/TESTER/us1725/test.xlsx,494040,9999991725,99,999999,1725,PNS
/home/kreasi/k6-test/k6-test-bot/TESTER/us1726/test.xlsx,494041,9999991726,99,999999,1726,PNS
/home/kreasi/k6-test/k6-test-bot/TESTER/us1727/test.xlsx,494042,9999991727,99,999999,1727,PNS
/home/kreasi/k6-test/k6-test-bot/TESTER/us1728/test.xlsx,494043,9999991728,99,999999,1728,PNS
/home/kreasi/k6-test/k6-test-bot/TESTER/us1729/test.xlsx,494044,9999991729,99,999999,1729,PNS
/home/kreasi/k6-test/k6-test-bot/TESTER/us1730/test.xlsx,494045,9999991730,99,999999,1730,PNS
/home/kreasi/k6-test/k6-test-bot/TESTER/us1731/test.xlsx,494046,9999991731,99,999999,1731,PNS
/home/kreasi/k6-test/k6-test-bot/TESTER/us1732/test.xlsx,494047,9999991732,99,999999,1732,PNS
/home/kreasi/k6-test/k6-test-bot/TESTER/us1733/test.xlsx,494048,9999991733,99,999999,1733,PNS
/home/kreasi/k6-test/k6-test-bot/TESTER/us1734/test.xlsx,494049,9999991734,99,999999,1734,PNS
/home/kreasi/k6-test/k6-test-bot/TESTER/us1735/test.xlsx,494050,9999991735,99,999999,1735,PNS
/home/kreasi/k6-test/k6-test-bot/TESTER/us1736/test.xlsx,494051,9999991736,99,999999,1736,PNS
/home/kreasi/k6-test/k6-test-bot/TESTER/us1737/test.xlsx,494052,9999991737,99,999999,1737,PNS
/home/kreasi/k6-test/k6-test-bot/TESTER/us1738/test.xlsx,494053,9999991738,99,999999,1738,PNS
/home/kreasi/k6-test/k6-test-bot/TESTER/us1739/test.xlsx,494054,9999991739,99,999999,1739,PNS
/home/kreasi/k6-test/k6-test-bot/TESTER/us1740/test.xlsx,494055,9999991740,99,999999,1740,PNS
/home/kreasi/k6-test/k6-test-bot/TESTER/us1741/test.xlsx,494056,9999991741,99,999999,1741,PNS
/home/kreasi/k6-test/k6-test-bot/TESTER/us1742/test.xlsx,494057,9999991742,99,999999,1742,PNS
/home/kreasi/k6-test/k6-test-bot/TESTER/us1743/test.xlsx,494058,9999991743,99,999999,1743,PNS
/home/kreasi/k6-test/k6-test-bot/TESTER/us1744/test.xlsx,494059,9999991744,99,999999,1744,PNS
/home/kreasi/k6-test/k6-test-bot/TESTER/us1745/test.xlsx,494060,9999991745,99,999999,1745,PNS
/home/kreasi/k6-test/k6-test-bot/TESTER/us1746/test.xlsx,494061,9999991746,99,999999,1746,PNS
/home/kreasi/k6-test/k6-test-bot/TESTER/us1747/test.xlsx,494062,9999991747,99,999999,1747,PNS
/home/kreasi/k6-test/k6-test-bot/TESTER/us1748/test.xlsx,494063,9999991748,99,999999,1748,PNS
/home/kreasi/k6-test/k6-test-bot/TESTER/us1749/test.xlsx,494064,9999991749,99,999999,1749,PNS
/home/kreasi/k6-test/k6-test-bot/TESTER/us1750/test.xlsx,494065,9999991750,99,999999,1750,PNS
/home/kreasi/k6-test/k6-test-bot/TESTER/us1751/test.xlsx,494066,9999991751,99,999999,1751,PNS
/home/kreasi/k6-test/k6-test-bot/TESTER/us1752/test.xlsx,494067,9999991752,99,999999,1752,PNS
/home/kreasi/k6-test/k6-test-bot/TESTER/us1753/test.xlsx,494068,9999991753,99,999999,1753,PNS
/home/kreasi/k6-test/k6-test-bot/TESTER/us1754/test.xlsx,494069,9999991754,99,999999,1754,PNS
/home/kreasi/k6-test/k6-test-bot/TESTER/us1755/test.xlsx,494070,9999991755,99,999999,1755,PNS
/home/kreasi/k6-test/k6-test-bot/TESTER/us1756/test.xlsx,494071,9999991756,99,999999,1756,PNS
/home/kreasi/k6-test/k6-test-bot/TESTER/us1757/test.xlsx,494072,9999991757,99,999999,1757,PNS
/home/kreasi/k6-test/k6-test-bot/TESTER/us1758/test.xlsx,494073,9999991758,99,999999,1758,PNS
/home/kreasi/k6-test/k6-test-bot/TESTER/us1759/test.xlsx,494074,9999991759,99,999999,1759,PNS
/home/kreasi/k6-test/k6-test-bot/TESTER/us1760/test.xlsx,494075,9999991760,99,999999,1760,PNS
/home/kreasi/k6-test/k6-test-bot/TESTER/us1761/test.xlsx,494076,9999991761,99,999999,1761,PNS
/home/kreasi/k6-test/k6-test-bot/TESTER/us1762/test.xlsx,494077,9999991762,99,999999,1762,PNS
/home/kreasi/k6-test/k6-test-bot/TESTER/us1763/test.xlsx,494078,9999991763,99,999999,1763,PNS
/home/kreasi/k6-test/k6-test-bot/TESTER/us1764/test.xlsx,494079,9999991764,99,999999,1764,PNS
/home/kreasi/k6-test/k6-test-bot/TESTER/us1765/test.xlsx,494080,9999991765,99,999999,1765,PNS
/home/kreasi/k6-test/k6-test-bot/TESTER/us1766/test.xlsx,494081,9999991766,99,999999,1766,PNS
/home/kreasi/k6-test/k6-test-bot/TESTER/us1767/test.xlsx,494082,9999991767,99,999999,1767,PNS
/home/kreasi/k6-test/k6-test-bot/TESTER/us1768/test.xlsx,494083,9999991768,99,999999,1768,PNS
/home/kreasi/k6-test/k6-test-bot/TESTER/us1769/test.xlsx,494084,9999991769,99,999999,1769,PNS
/home/kreasi/k6-test/k6-test-bot/TESTER/us1770/test.xlsx,494085,9999991770,99,999999,1770,PNS
/home/kreasi/k6-test/k6-test-bot/TESTER/us1771/test.xlsx,494086,9999991771,99,999999,1771,PNS
/home/kreasi/k6-test/k6-test-bot/TESTER/us1772/test.xlsx,494087,9999991772,99,999999,1772,PNS
/home/kreasi/k6-test/k6-test-bot/TESTER/us1773/test.xlsx,494088,9999991773,99,999999,1773,PNS
/home/kreasi/k6-test/k6-test-bot/TESTER/us1774/test.xlsx,494089,9999991774,99,999999,1774,PNS
/home/kreasi/k6-test/k6-test-bot/TESTER/us1775/test.xlsx,494090,9999991775,99,999999,1775,PNS
/home/kreasi/k6-test/k6-test-bot/TESTER/us1776/test.xlsx,494091,9999991776,99,999999,1776,PNS
/home/kreasi/k6-test/k6-test-bot/TESTER/us1777/test.xlsx,494092,9999991777,99,999999,1777,PNS
/home/kreasi/k6-test/k6-test-bot/TESTER/us1778/test.xlsx,494093,9999991778,99,999999,1778,PNS
/home/kreasi/k6-test/k6-test-bot/TESTER/us1779/test.xlsx,494094,9999991779,99,999999,1779,PNS
/home/kreasi/k6-test/k6-test-bot/TESTER/us1780/test.xlsx,494095,9999991780,99,999999,1780,PNS
/home/kreasi/k6-test/k6-test-bot/TESTER/us1781/test.xlsx,494096,9999991781,99,999999,1781,PNS
/home/kreasi/k6-test/k6-test-bot/TESTER/us1782/test.xlsx,494097,9999991782,99,999999,1782,PNS
/home/kreasi/k6-test/k6-test-bot/TESTER/us1783/test.xlsx,494098,9999991783,99,999999,1783,PNS
/home/kreasi/k6-test/k6-test-bot/TESTER/us1784/test.xlsx,494099,9999991784,99,999999,1784,PNS
/home/kreasi/k6-test/k6-test-bot/TESTER/us1785/test.xlsx,494100,9999991785,99,999999,1785,PNS
/home/kreasi/k6-test/k6-test-bot/TESTER/us1786/test.xlsx,494101,9999991786,99,999999,1786,PNS
/home/kreasi/k6-test/k6-test-bot/TESTER/us1787/test.xlsx,494102,9999991787,99,999999,1787,PNS
/home/kreasi/k6-test/k6-test-bot/TESTER/us1788/test.xlsx,494103,9999991788,99,999999,1788,PNS
/home/kreasi/k6-test/k6-test-bot/TESTER/us1789/test.xlsx,494104,9999991789,99,999999,1789,PNS
/home/kreasi/k6-test/k6-test-bot/TESTER/us1790/test.xlsx,494105,9999991790,99,999999,1790,PNS
/home/kreasi/k6-test/k6-test-bot/TESTER/us1791/test.xlsx,494106,9999991791,99,999999,1791,PNS
/home/kreasi/k6-test/k6-test-bot/TESTER/us1792/test.xlsx,494107,9999991792,99,999999,1792,PNS
/home/kreasi/k6-test/k6-test-bot/TESTER/us1793/test.xlsx,494108,9999991793,99,999999,1793,PNS
/home/kreasi/k6-test/k6-test-bot/TESTER/us1794/test.xlsx,494109,9999991794,99,999999,1794,PNS
/home/kreasi/k6-test/k6-test-bot/TESTER/us1795/test.xlsx,494110,9999991795,99,999999,1795,PNS
/home/kreasi/k6-test/k6-test-bot/TESTER/us1796/test.xlsx,494111,9999991796,99,999999,1796,PNS
/home/kreasi/k6-test/k6-test-bot/TESTER/us1797/test.xlsx,494112,9999991797,99,999999,1797,PNS
/home/kreasi/k6-test/k6-test-bot/TESTER/us1798/test.xlsx,494113,9999991798,99,999999,1798,PNS
/home/kreasi/k6-test/k6-test-bot/TESTER/us1799/test.xlsx,494114,9999991799,99,999999,1799,PNS
/home/kreasi/k6-test/k6-test-bot/TESTER/us1800/test.xlsx,494115,9999991800,99,999999,1800,PNS
/home/kreasi/k6-test/k6-test-bot/TESTER/us1801/test.xlsx,494116,9999991801,99,999999,1801,PNS
/home/kreasi/k6-test/k6-test-bot/TESTER/us1802/test.xlsx,494117,9999991802,99,999999,1802,PNS
/home/kreasi/k6-test/k6-test-bot/TESTER/us1803/test.xlsx,494118,9999991803,99,999999,1803,PNS
/home/kreasi/k6-test/k6-test-bot/TESTER/us1804/test.xlsx,494119,9999991804,99,999999,1804,PNS
/home/kreasi/k6-test/k6-test-bot/TESTER/us1805/test.xlsx,494120,9999991805,99,999999,1805,PNS
/home/kreasi/k6-test/k6-test-bot/TESTER/us1806/test.xlsx,494121,9999991806,99,999999,1806,PNS
/home/kreasi/k6-test/k6-test-bot/TESTER/us1807/test.xlsx,494122,9999991807,99,999999,1807,PNS
/home/kreasi/k6-test/k6-test-bot/TESTER/us1808/test.xlsx,494123,9999991808,99,999999,1808,PNS
/home/kreasi/k6-test/k6-test-bot/TESTER/us1809/test.xlsx,494124,9999991809,99,999999,1809,PNS
/home/kreasi/k6-test/k6-test-bot/TESTER/us1810/test.xlsx,494125,9999991810,99,999999,1810,PNS
/home/kreasi/k6-test/k6-test-bot/TESTER/us1811/test.xlsx,494126,9999991811,99,999999,1811,PNS
/home/kreasi/k6-test/k6-test-bot/TESTER/us1812/test.xlsx,494127,9999991812,99,999999,1812,PNS
/home/kreasi/k6-test/k6-test-bot/TESTER/us1813/test.xlsx,494128,9999991813,99,999999,1813,PNS
/home/kreasi/k6-test/k6-test-bot/TESTER/us1814/test.xlsx,494129,9999991814,99,999999,1814,PNS
/home/kreasi/k6-test/k6-test-bot/TESTER/us1815/test.xlsx,494130,9999991815,99,999999,1815,PNS
/home/kreasi/k6-test/k6-test-bot/TESTER/us1816/test.xlsx,494131,9999991816,99,999999,1816,PNS
/home/kreasi/k6-test/k6-test-bot/TESTER/us1817/test.xlsx,494132,9999991817,99,999999,1817,PNS
/home/kreasi/k6-test/k6-test-bot/TESTER/us1818/test.xlsx,494133,9999991818,99,999999,1818,PNS
/home/kreasi/k6-test/k6-test-bot/TESTER/us1819/test.xlsx,494134,9999991819,99,999999,1819,PNS
/home/kreasi/k6-test/k6-test-bot/TESTER/us1820/test.xlsx,494135,9999991820,99,999999,1820,PNS
/home/kreasi/k6-test/k6-test-bot/TESTER/us1821/test.xlsx,494136,9999991821,99,999999,1821,PNS
/home/kreasi/k6-test/k6-test-bot/TESTER/us1822/test.xlsx,494137,9999991822,99,999999,1822,PNS
/home/kreasi/k6-test/k6-test-bot/TESTER/us1823/test.xlsx,494138,9999991823,99,999999,1823,PNS
/home/kreasi/k6-test/k6-test-bot/TESTER/us1824/test.xlsx,494139,9999991824,99,999999,1824,PNS
/home/kreasi/k6-test/k6-test-bot/TESTER/us1825/test.xlsx,494140,9999991825,99,999999,1825,PNS
/home/kreasi/k6-test/k6-test-bot/TESTER/us1826/test.xlsx,494141,9999991826,99,999999,1826,PNS
/home/kreasi/k6-test/k6-test-bot/TESTER/us1827/test.xlsx,494142,9999991827,99,999999,1827,PNS
/home/kreasi/k6-test/k6-test-bot/TESTER/us1828/test.xlsx,494143,9999991828,99,999999,1828,PNS
/home/kreasi/k6-test/k6-test-bot/TESTER/us1829/test.xlsx,494144,9999991829,99,999999,1829,PNS
/home/kreasi/k6-test/k6-test-bot/TESTER/us1830/test.xlsx,494145,9999991830,99,999999,1830,PNS
/home/kreasi/k6-test/k6-test-bot/TESTER/us1831/test.xlsx,494146,9999991831,99,999999,1831,PNS
/home/kreasi/k6-test/k6-test-bot/TESTER/us1832/test.xlsx,494147,9999991832,99,999999,1832,PNS
/home/kreasi/k6-test/k6-test-bot/TESTER/us1833/test.xlsx,494148,9999991833,99,999999,1833,PNS
/home/kreasi/k6-test/k6-test-bot/TESTER/us1834/test.xlsx,494149,9999991834,99,999999,1834,PNS
/home/kreasi/k6-test/k6-test-bot/TESTER/us1835/test.xlsx,494150,9999991835,99,999999,1835,PNS
/home/kreasi/k6-test/k6-test-bot/TESTER/us1836/test.xlsx,494151,9999991836,99,999999,1836,PNS
/home/kreasi/k6-test/k6-test-bot/TESTER/us1837/test.xlsx,494152,9999991837,99,999999,1837,PNS
/home/kreasi/k6-test/k6-test-bot/TESTER/us1838/test.xlsx,494153,9999991838,99,999999,1838,PNS
/home/kreasi/k6-test/k6-test-bot/TESTER/us1839/test.xlsx,494154,9999991839,99,999999,1839,PNS
/home/kreasi/k6-test/k6-test-bot/TESTER/us1840/test.xlsx,494155,9999991840,99,999999,1840,PNS
/home/kreasi/k6-test/k6-test-bot/TESTER/us1841/test.xlsx,494156,9999991841,99,999999,1841,PNS
/home/kreasi/k6-test/k6-test-bot/TESTER/us1842/test.xlsx,494157,9999991842,99,999999,1842,PNS
/home/kreasi/k6-test/k6-test-bot/TESTER/us1843/test.xlsx,494158,9999991843,99,999999,1843,PNS
/home/kreasi/k6-test/k6-test-bot/TESTER/us1844/test.xlsx,494159,9999991844,99,999999,1844,PNS
/home/kreasi/k6-test/k6-test-bot/TESTER/us1845/test.xlsx,494160,9999991845,99,999999,1845,PNS
/home/kreasi/k6-test/k6-test-bot/TESTER/us1846/test.xlsx,494161,9999991846,99,999999,1846,PNS
/home/kreasi/k6-test/k6-test-bot/TESTER/us1847/test.xlsx,494162,9999991847,99,999999,1847,PNS
/home/kreasi/k6-test/k6-test-bot/TESTER/us1848/test.xlsx,494163,9999991848,99,999999,1848,PNS
/home/kreasi/k6-test/k6-test-bot/TESTER/us1849/test.xlsx,494164,9999991849,99,999999,1849,PNS
/home/kreasi/k6-test/k6-test-bot/TESTER/us1850/test.xlsx,494165,9999991850,99,999999,1850,PNS
/home/kreasi/k6-test/k6-test-bot/TESTER/us1851/test.xlsx,494166,9999991851,99,999999,1851,PNS
/home/kreasi/k6-test/k6-test-bot/TESTER/us1852/test.xlsx,494167,9999991852,99,999999,1852,PNS
/home/kreasi/k6-test/k6-test-bot/TESTER/us1853/test.xlsx,494168,9999991853,99,999999,1853,PNS
/home/kreasi/k6-test/k6-test-bot/TESTER/us1854/test.xlsx,494169,9999991854,99,999999,1854,PNS
/home/kreasi/k6-test/k6-test-bot/TESTER/us1855/test.xlsx,494170,9999991855,99,999999,1855,PNS
/home/kreasi/k6-test/k6-test-bot/TESTER/us1856/test.xlsx,494171,9999991856,99,999999,1856,PNS
/home/kreasi/k6-test/k6-test-bot/TESTER/us1857/test.xlsx,494172,9999991857,99,999999,1857,PNS
/home/kreasi/k6-test/k6-test-bot/TESTER/us1858/test.xlsx,494173,9999991858,99,999999,1858,PNS
/home/kreasi/k6-test/k6-test-bot/TESTER/us1859/test.xlsx,494174,9999991859,99,999999,1859,PNS
/home/kreasi/k6-test/k6-test-bot/TESTER/us1860/test.xlsx,494175,9999991860,99,999999,1860,PNS
/home/kreasi/k6-test/k6-test-bot/TESTER/us1861/test.xlsx,494176,9999991861,99,999999,1861,PNS
/home/kreasi/k6-test/k6-test-bot/TESTER/us1862/test.xlsx,494177,9999991862,99,999999,1862,PNS
/home/kreasi/k6-test/k6-test-bot/TESTER/us1863/test.xlsx,494178,9999991863,99,999999,1863,PNS
/home/kreasi/k6-test/k6-test-bot/TESTER/us1864/test.xlsx,494179,9999991864,99,999999,1864,PNS
/home/kreasi/k6-test/k6-test-bot/TESTER/us1865/test.xlsx,494180,9999991865,99,999999,1865,PNS
/home/kreasi/k6-test/k6-test-bot/TESTER/us1866/test.xlsx,494181,9999991866,99,999999,1866,PNS
/home/kreasi/k6-test/k6-test-bot/TESTER/us1867/test.xlsx,494182,9999991867,99,999999,1867,PNS
/home/kreasi/k6-test/k6-test-bot/TESTER/us1868/test.xlsx,494183,9999991868,99,999999,1868,PNS
/home/kreasi/k6-test/k6-test-bot/TESTER/us1869/test.xlsx,494184,9999991869,99,999999,1869,PNS
/home/kreasi/k6-test/k6-test-bot/TESTER/us1870/test.xlsx,494185,9999991870,99,999999,1870,PNS
/home/kreasi/k6-test/k6-test-bot/TESTER/us1871/test.xlsx,494186,9999991871,99,999999,1871,PNS
/home/kreasi/k6-test/k6-test-bot/TESTER/us1872/test.xlsx,494187,9999991872,99,999999,1872,PNS
/home/kreasi/k6-test/k6-test-bot/TESTER/us1873/test.xlsx,494188,9999991873,99,999999,1873,PNS
/home/kreasi/k6-test/k6-test-bot/TESTER/us1874/test.xlsx,494189,9999991874,99,999999,1874,PNS
/home/kreasi/k6-test/k6-test-bot/TESTER/us1875/test.xlsx,494190,9999991875,99,999999,1875,PNS
/home/kreasi/k6-test/k6-test-bot/TESTER/us1876/test.xlsx,494191,9999991876,99,999999,1876,PNS
/home/kreasi/k6-test/k6-test-bot/TESTER/us1877/test.xlsx,494192,9999991877,99,999999,1877,PNS
/home/kreasi/k6-test/k6-test-bot/TESTER/us1878/test.xlsx,494193,9999991878,99,999999,1878,PNS
/home/kreasi/k6-test/k6-test-bot/TESTER/us1879/test.xlsx,494194,9999991879,99,999999,1879,PNS
/home/kreasi/k6-test/k6-test-bot/TESTER/us1880/test.xlsx,494195,9999991880,99,999999,1880,PNS
/home/kreasi/k6-test/k6-test-bot/TESTER/us1881/test.xlsx,494196,9999991881,99,999999,1881,PNS
/home/kreasi/k6-test/k6-test-bot/TESTER/us1882/test.xlsx,494197,9999991882,99,999999,1882,PNS
/home/kreasi/k6-test/k6-test-bot/TESTER/us1883/test.xlsx,494198,9999991883,99,999999,1883,PNS
/home/kreasi/k6-test/k6-test-bot/TESTER/us1884/test.xlsx,494199,9999991884,99,999999,1884,PNS
/home/kreasi/k6-test/k6-test-bot/TESTER/us1885/test.xlsx,494200,9999991885,99,999999,1885,PNS
/home/kreasi/k6-test/k6-test-bot/TESTER/us1886/test.xlsx,494201,9999991886,99,999999,1886,PNS
/home/kreasi/k6-test/k6-test-bot/TESTER/us1887/test.xlsx,494202,9999991887,99,999999,1887,PNS
/home/kreasi/k6-test/k6-test-bot/TESTER/us1888/test.xlsx,494203,9999991888,99,999999,1888,PNS
/home/kreasi/k6-test/k6-test-bot/TESTER/us1889/test.xlsx,494204,9999991889,99,999999,1889,PNS
/home/kreasi/k6-test/k6-test-bot/TESTER/us1890/test.xlsx,494205,9999991890,99,999999,1890,PNS
/home/kreasi/k6-test/k6-test-bot/TESTER/us1891/test.xlsx,494206,9999991891,99,999999,1891,PNS
/home/kreasi/k6-test/k6-test-bot/TESTER/us1892/test.xlsx,494207,9999991892,99,999999,1892,PNS
/home/kreasi/k6-test/k6-test-bot/TESTER/us1893/test.xlsx,494208,9999991893,99,999999,1893,PNS
/home/kreasi/k6-test/k6-test-bot/TESTER/us1894/test.xlsx,494209,9999991894,99,999999,1894,PNS
/home/kreasi/k6-test/k6-test-bot/TESTER/us1895/test.xlsx,494210,9999991895,99,999999,1895,PNS
/home/kreasi/k6-test/k6-test-bot/TESTER/us1896/test.xlsx,494211,9999991896,99,999999,1896,PNS
/home/kreasi/k6-test/k6-test-bot/TESTER/us1897/test.xlsx,494212,9999991897,99,999999,1897,PNS
/home/kreasi/k6-test/k6-test-bot/TESTER/us1898/test.xlsx,494213,9999991898,99,999999,1898,PNS
/home/kreasi/k6-test/k6-test-bot/TESTER/us1899/test.xlsx,494214,9999991899,99,999999,1899,PNS
/home/kreasi/k6-test/k6-test-bot/TESTER/us1900/test.xlsx,494215,9999991900,99,999999,1900,PNS
/home/kreasi/k6-test/k6-test-bot/TESTER/us1901/test.xlsx,494216,9999991901,99,999999,1901,PNS
/home/kreasi/k6-test/k6-test-bot/TESTER/us1902/test.xlsx,494217,9999991902,99,999999,1902,PNS
/home/kreasi/k6-test/k6-test-bot/TESTER/us1903/test.xlsx,494218,9999991903,99,999999,1903,PNS
/home/kreasi/k6-test/k6-test-bot/TESTER/us1904/test.xlsx,494219,9999991904,99,999999,1904,PNS
/home/kreasi/k6-test/k6-test-bot/TESTER/us1905/test.xlsx,494220,9999991905,99,999999,1905,PNS
/home/kreasi/k6-test/k6-test-bot/TESTER/us1906/test.xlsx,494221,9999991906,99,999999,1906,PNS
/home/kreasi/k6-test/k6-test-bot/TESTER/us1907/test.xlsx,494222,9999991907,99,999999,1907,PNS
/home/kreasi/k6-test/k6-test-bot/TESTER/us1908/test.xlsx,494223,9999991908,99,999999,1908,PNS
/home/kreasi/k6-test/k6-test-bot/TESTER/us1909/test.xlsx,494224,9999991909,99,999999,1909,PNS
/home/kreasi/k6-test/k6-test-bot/TESTER/us1910/test.xlsx,494225,9999991910,99,999999,1910,PNS
/home/kreasi/k6-test/k6-test-bot/TESTER/us1911/test.xlsx,494226,9999991911,99,999999,1911,PNS
/home/kreasi/k6-test/k6-test-bot/TESTER/us1912/test.xlsx,494227,9999991912,99,999999,1912,PNS
/home/kreasi/k6-test/k6-test-bot/TESTER/us1913/test.xlsx,494228,9999991913,99,999999,1913,PNS
/home/kreasi/k6-test/k6-test-bot/TESTER/us1914/test.xlsx,494229,9999991914,99,999999,1914,PNS
/home/kreasi/k6-test/k6-test-bot/TESTER/us1915/test.xlsx,494230,9999991915,99,999999,1915,PNS
/home/kreasi/k6-test/k6-test-bot/TESTER/us1916/test.xlsx,494231,9999991916,99,999999,1916,PNS
/home/kreasi/k6-test/k6-test-bot/TESTER/us1917/test.xlsx,494232,9999991917,99,999999,1917,PNS
/home/kreasi/k6-test/k6-test-bot/TESTER/us1918/test.xlsx,494233,9999991918,99,999999,1918,PNS
/home/kreasi/k6-test/k6-test-bot/TESTER/us1919/test.xlsx,494234,9999991919,99,999999,1919,PNS
/home/kreasi/k6-test/k6-test-bot/TESTER/us1920/test.xlsx,494235,9999991920,99,999999,1920,PNS
/home/kreasi/k6-test/k6-test-bot/TESTER/us1921/test.xlsx,494236,9999991921,99,999999,1921,PNS
/home/kreasi/k6-test/k6-test-bot/TESTER/us1922/test.xlsx,494237,9999991922,99,999999,1922,PNS
/home/kreasi/k6-test/k6-test-bot/TESTER/us1923/test.xlsx,494238,9999991923,99,999999,1923,PNS
/home/kreasi/k6-test/k6-test-bot/TESTER/us1924/test.xlsx,494239,9999991924,99,999999,1924,PNS
/home/kreasi/k6-test/k6-test-bot/TESTER/us1925/test.xlsx,494240,9999991925,99,999999,1925,PNS
/home/kreasi/k6-test/k6-test-bot/TESTER/us1926/test.xlsx,494241,9999991926,99,999999,1926,PNS
/home/kreasi/k6-test/k6-test-bot/TESTER/us1927/test.xlsx,494242,9999991927,99,999999,1927,PNS
/home/kreasi/k6-test/k6-test-bot/TESTER/us1928/test.xlsx,494243,9999991928,99,999999,1928,PNS
/home/kreasi/k6-test/k6-test-bot/TESTER/us1929/test.xlsx,494244,9999991929,99,999999,1929,PNS
/home/kreasi/k6-test/k6-test-bot/TESTER/us1930/test.xlsx,494245,9999991930,99,999999,1930,PNS
/home/kreasi/k6-test/k6-test-bot/TESTER/us1931/test.xlsx,494246,9999991931,99,999999,1931,PNS
/home/kreasi/k6-test/k6-test-bot/TESTER/us1932/test.xlsx,494247,9999991932,99,999999,1932,PNS
/home/kreasi/k6-test/k6-test-bot/TESTER/us1933/test.xlsx,494248,9999991933,99,999999,1933,PNS
/home/kreasi/k6-test/k6-test-bot/TESTER/us1934/test.xlsx,494249,9999991934,99,999999,1934,PNS
/home/kreasi/k6-test/k6-test-bot/TESTER/us1935/test.xlsx,494250,9999991935,99,999999,1935,PNS
/home/kreasi/k6-test/k6-test-bot/TESTER/us1936/test.xlsx,494251,9999991936,99,999999,1936,PNS
/home/kreasi/k6-test/k6-test-bot/TESTER/us1937/test.xlsx,494252,9999991937,99,999999,1937,PNS
/home/kreasi/k6-test/k6-test-bot/TESTER/us1938/test.xlsx,494253,9999991938,99,999999,1938,PNS
/home/kreasi/k6-test/k6-test-bot/TESTER/us1939/test.xlsx,494254,9999991939,99,999999,1939,PNS
/home/kreasi/k6-test/k6-test-bot/TESTER/us1940/test.xlsx,494255,9999991940,99,999999,1940,PNS
/home/kreasi/k6-test/k6-test-bot/TESTER/us1941/test.xlsx,494256,9999991941,99,999999,1941,PNS
/home/kreasi/k6-test/k6-test-bot/TESTER/us1942/test.xlsx,494257,9999991942,99,999999,1942,PNS
/home/kreasi/k6-test/k6-test-bot/TESTER/us1943/test.xlsx,494258,9999991943,99,999999,1943,PNS
/home/kreasi/k6-test/k6-test-bot/TESTER/us1944/test.xlsx,494259,9999991944,99,999999,1944,PNS
/home/kreasi/k6-test/k6-test-bot/TESTER/us1945/test.xlsx,494260,9999991945,99,999999,1945,PNS
/home/kreasi/k6-test/k6-test-bot/TESTER/us1946/test.xlsx,494261,9999991946,99,999999,1946,PNS
/home/kreasi/k6-test/k6-test-bot/TESTER/us1947/test.xlsx,494262,9999991947,99,999999,1947,PNS
/home/kreasi/k6-test/k6-test-bot/TESTER/us1948/test.xlsx,494263,9999991948,99,999999,1948,PNS
/home/kreasi/k6-test/k6-test-bot/TESTER/us1949/test.xlsx,494264,9999991949,99,999999,1949,PNS
/home/kreasi/k6-test/k6-test-bot/TESTER/us1950/test.xlsx,494265,9999991950,99,999999,1950,PNS
/home/kreasi/k6-test/k6-test-bot/TESTER/us1951/test.xlsx,494266,9999991951,99,999999,1951,PNS
/home/kreasi/k6-test/k6-test-bot/TESTER/us1952/test.xlsx,494267,9999991952,99,999999,1952,PNS
/home/kreasi/k6-test/k6-test-bot/TESTER/us1953/test.xlsx,494268,9999991953,99,999999,1953,PNS
/home/kreasi/k6-test/k6-test-bot/TESTER/us1954/test.xlsx,494269,9999991954,99,999999,1954,PNS
/home/kreasi/k6-test/k6-test-bot/TESTER/us1955/test.xlsx,494270,9999991955,99,999999,1955,PNS
/home/kreasi/k6-test/k6-test-bot/TESTER/us1956/test.xlsx,494271,9999991956,99,999999,1956,PNS
/home/kreasi/k6-test/k6-test-bot/TESTER/us1957/test.xlsx,494272,9999991957,99,999999,1957,PNS
/home/kreasi/k6-test/k6-test-bot/TESTER/us1958/test.xlsx,494273,9999991958,99,999999,1958,PNS
/home/kreasi/k6-test/k6-test-bot/TESTER/us1959/test.xlsx,494274,9999991959,99,999999,1959,PNS
/home/kreasi/k6-test/k6-test-bot/TESTER/us1960/test.xlsx,494275,9999991960,99,999999,1960,PNS
/home/kreasi/k6-test/k6-test-bot/TESTER/us1961/test.xlsx,494276,9999991961,99,999999,1961,PNS
/home/kreasi/k6-test/k6-test-bot/TESTER/us1962/test.xlsx,494277,9999991962,99,999999,1962,PNS
/home/kreasi/k6-test/k6-test-bot/TESTER/us1963/test.xlsx,494278,9999991963,99,999999,1963,PNS
/home/kreasi/k6-test/k6-test-bot/TESTER/us1964/test.xlsx,494279,9999991964,99,999999,1964,PNS
/home/kreasi/k6-test/k6-test-bot/TESTER/us1965/test.xlsx,494280,9999991965,99,999999,1965,PNS
/home/kreasi/k6-test/k6-test-bot/TESTER/us1966/test.xlsx,494281,9999991966,99,999999,1966,PNS
/home/kreasi/k6-test/k6-test-bot/TESTER/us1967/test.xlsx,494282,9999991967,99,999999,1967,PNS
/home/kreasi/k6-test/k6-test-bot/TESTER/us1968/test.xlsx,494283,9999991968,99,999999,1968,PNS
/home/kreasi/k6-test/k6-test-bot/TESTER/us1969/test.xlsx,494284,9999991969,99,999999,1969,PNS
/home/kreasi/k6-test/k6-test-bot/TESTER/us1970/test.xlsx,494285,9999991970,99,999999,1970,PNS
/home/kreasi/k6-test/k6-test-bot/TESTER/us1971/test.xlsx,494286,9999991971,99,999999,1971,PNS
/home/kreasi/k6-test/k6-test-bot/TESTER/us1972/test.xlsx,494287,9999991972,99,999999,1972,PNS
/home/kreasi/k6-test/k6-test-bot/TESTER/us1973/test.xlsx,494288,9999991973,99,999999,1973,PNS
/home/kreasi/k6-test/k6-test-bot/TESTER/us1974/test.xlsx,494289,9999991974,99,999999,1974,PNS
/home/kreasi/k6-test/k6-test-bot/TESTER/us1975/test.xlsx,494290,9999991975,99,999999,1975,PNS
/home/kreasi/k6-test/k6-test-bot/TESTER/us1976/test.xlsx,494291,9999991976,99,999999,1976,PNS
/home/kreasi/k6-test/k6-test-bot/TESTER/us1977/test.xlsx,494292,9999991977,99,999999,1977,PNS
/home/kreasi/k6-test/k6-test-bot/TESTER/us1978/test.xlsx,494293,9999991978,99,999999,1978,PNS
/home/kreasi/k6-test/k6-test-bot/TESTER/us1979/test.xlsx,494294,9999991979,99,999999,1979,PNS
/home/kreasi/k6-test/k6-test-bot/TESTER/us1980/test.xlsx,494295,9999991980,99,999999,1980,PNS
/home/kreasi/k6-test/k6-test-bot/TESTER/us1981/test.xlsx,494296,9999991981,99,999999,1981,PNS
/home/kreasi/k6-test/k6-test-bot/TESTER/us1982/test.xlsx,494297,9999991982,99,999999,1982,PNS
/home/kreasi/k6-test/k6-test-bot/TESTER/us1983/test.xlsx,494298,9999991983,99,999999,1983,PNS
/home/kreasi/k6-test/k6-test-bot/TESTER/us1984/test.xlsx,494299,9999991984,99,999999,1984,PNS
/home/kreasi/k6-test/k6-test-bot/TESTER/us1985/test.xlsx,494300,9999991985,99,999999,1985,PNS
/home/kreasi/k6-test/k6-test-bot/TESTER/us1986/test.xlsx,494301,9999991986,99,999999,1986,PNS
/home/kreasi/k6-test/k6-test-bot/TESTER/us1987/test.xlsx,494302,9999991987,99,999999,1987,PNS
/home/kreasi/k6-test/k6-test-bot/TESTER/us1988/test.xlsx,494303,9999991988,99,999999,1988,PNS
/home/kreasi/k6-test/k6-test-bot/TESTER/us1989/test.xlsx,494304,9999991989,99,999999,1989,PNS
/home/kreasi/k6-test/k6-test-bot/TESTER/us1990/test.xlsx,494305,9999991990,99,999999,1990,PNS
/home/kreasi/k6-test/k6-test-bot/TESTER/us1991/test.xlsx,494306,9999991991,99,999999,1991,PNS
/home/kreasi/k6-test/k6-test-bot/TESTER/us1992/test.xlsx,494307,9999991992,99,999999,1992,PNS
/home/kreasi/k6-test/k6-test-bot/TESTER/us1993/test.xlsx,494308,9999991993,99,999999,1993,PNS
/home/kreasi/k6-test/k6-test-bot/TESTER/us1994/test.xlsx,494309,9999991994,99,999999,1994,PNS
/home/kreasi/k6-test/k6-test-bot/TESTER/us1995/test.xlsx,494310,9999991995,99,999999,1995,PNS
/home/kreasi/k6-test/k6-test-bot/TESTER/us1996/test.xlsx,494311,9999991996,99,999999,1996,PNS
/home/kreasi/k6-test/k6-test-bot/TESTER/us1997/test.xlsx,494312,9999991997,99,999999,1997,PNS
/home/kreasi/k6-test/k6-test-bot/TESTER/us1998/test.xlsx,494313,9999991998,99,999999,1998,PNS
/home/kreasi/k6-test/k6-test-bot/TESTER/us1999/test.xlsx,494314,9999991999,99,999999,1999,PNS
/home/kreasi/k6-test/k6-test-bot/TESTER/us2000/test.xlsx,494315,9999992000,99,999999,2000,PNS